name,key
"	桂城百花时代广场地下车场	",pac_ydt
"	圆方广场	",pac_ydt
"	金百福广场	",pac_ydt
"	水云天	",pac_ydt
"	力迅城筑（北区）	",pac_ydt
"	佰德广场地下车场	",pac_ydt
"	力迅雅筑(南区)	",pac_ydt
"	佰德广场露天车场	",pac_ydt
"	湖景酒店南车场	",pac_ydt
"	湖景酒店北车场	",pac_ydt
"	上沙村C地块	",pac_ydt
"	上沙村停车场01	",pac_ydt
"	满东酒楼停车场	",pac_ydt
"	高明华盈广场	",pac_ydt
"	紫金城二期	",pac_ydt
"	紫金城一期	",pac_ydt
"	汇翠公馆A座停车场	",pac_ydt
"	汇翠公馆C座停车场	",pac_ydt
"	东豪酒家	",pac_ydt
"	聚龙北A31停车场	",pac_ydt
"	俊彦广场	",pac_ydt
"	中海万锦熙岸停车场	",pac_ydt
"	下沙村	",pac_ydt
"	西樵四季广场	",pac_ydt
"	凯国堡商务酒店	",pac_ydt
"	保利紫山商业街	",pac_ydt
"	美新幼儿园停车场	",pac_ydt
"	同济东路充电站	",pac_ydt
"	美盛广场	",pac_ydt
"	新顺宝大酒楼	",pac_ydt
"	新顺宝绿化地块	",pac_ydt
"	桂平美食城	",pac_ydt
"	西樵崇南安居房	",pac_ydt
"	下沙工业区	",pac_ydt
"	西樵四季广场P1停车场	",pac_ydt
"	惠景书城	",pac_ydt
"	维也纳酒店（松岗中心店）	",pac_ydt
"	乐从电创时代中心	",pac_ydt
"	皇都酒店	",pac_ydt
"	锦绣香江大酒店	",pac_ydt
"	北大步村	",pac_ydt
"	海山市场	",pac_ydt
"	智博幼儿园	",pac_ydt
"	名创钢材仓储园	",pac_ydt
"	石头村	",pac_ydt
"	御龙酒店	",pac_ydt
"	大步开发区桥底停车场	",pac_ydt
"	大沥综合楼	",pac_ydt
"	黄岐宜尚酒店	",pac_ydt
"	西樵恒邦广场	",pac_ydt
"	大步村	",pac_ydt
"	肯德基(罗村DT餐厅）	",pac_ydt
"	嘉诚酒楼	",pac_ydt
"	大沥富丽金酒店	",pac_ydt
"	赢富中心	",pac_ydt
"	万民广场（鸦岗店）	",pac_ydt
"	大沥一方酒店	",pac_ydt
"	太港城	",pac_ydt
"	番禺合益源商业楼	",pac_ydt
"	商信大厦	",pac_ydt
"	时代云图北区1号车场	",pac_ydt
"	时代云图北区2号车场	",pac_ydt
"	富星广场	",pac_ydt
"	时代云图南区停车场	",pac_ydt
"	华泓商业广场	",pac_ydt
"	永安广场	",pac_ydt
"	古岗村	",pac_ydt
"	高明国邦御林湖	",pac_ydt
"	西樵世纪金辉大酒店	",pac_ydt
"	桂城总商会	",pac_ydt
"	渔业综合楼停车场	",pac_ydt
"	大步工业区	",pac_ydt
"	鑫起点高新科技孵化园	",pac_ydt
"	狮山悦莹楼	",pac_ydt
"	三山维也纳酒店	",pac_ydt
"	三水乐平小迳村	",pac_ydt
"	|头商业街	",pac_ydt
"	夏]粮园停车场	",pac_ydt
"	丹桂美食城	",pac_ydt
"	海纳天河花园	",pac_ydt
"	西樵民主停车场	",pac_ydt
"	维也纳酒店（影视城店）	",pac_ydt
"	湾华食街	",pac_ydt
"	花苑广场	",pac_ydt
"	尚客优酒店（湾华店）	",pac_ydt
"	黄岐凯民茶博城	",pac_ydt
"	沙富村	",pac_ydt
"	共和商厦	",pac_ydt
"	和顺灶岗村	",pac_ydt
"	阳光嘉苑外围停车场	",pac_ydt
"	东莞富民海运	",pac_ydt
"	桂南星晴公馆	",pac_ydt
"	九龙新天地	",pac_ydt
"	禄福山庄	",pac_ydt
"	悦莹楼	",pac_ydt
"	坦西农贸市场	",pac_ydt
"	三水乐平三江村	",pac_ydt
"	三水乐平古灶村	",pac_ydt
"	紫岭东路9-11号停车场	",pac_ydt
"	中山市东区三溪村三号停车场	",pac_ydt
"	有得停穗盐路停车场	",pac_ydt
"	西樵崇南新庄	",pac_ydt
"	西樵大庄梁村	",pac_ydt
"	罗村水上乐园2号	",pac_ydt
"	三水乐平横岗村	",pac_ydt
"	金沙洲浔峰山西路停车场	",pac_ydt
"	卓远景峰	",pac_ydt
"	官窑厚东村	",pac_ydt
"	东莞鑫浩源-下汴一区	",pac_ydt
"	东莞鑫浩源-河田	",pac_ydt
"	东莞鑫浩源-杨屋第四工业区	",pac_ydt
"	东莞鑫浩源-下汴宿舍区	",pac_ydt
"	东莞鑫浩源-下汴六区	",pac_ydt
"	东莞鑫浩源-下汴七区	",pac_ydt
"	东莞鑫浩源-下汴二区	",pac_ydt
"	集一工业园门前停车场	",pac_ydt
"	东莞长安沙埔头南	",pac_ydt
"	中山市东区三溪村二号停车场	",pac_ydt
"	勒南公舍	",pac_ydt
"	中山市东区三溪村一号停车场	",pac_ydt
"	中山大涌镇南村市场旧米机地停车场	",pac_ydt
"	领地海纳君庭	",pac_ydt
"	平东大道停车场	",pac_ydt
"	崇南三四五经济合作社	",pac_ydt
"	花苑广场外围	",pac_ydt
"	丹灶美满居停车场	",pac_ydt
"	华涌商业楼	",pac_ydt
"	工业大道11号仓	",pac_ydt
"	天华广场	",pac_ydt
"	云浮市新世纪广场车库停车场	",pac_ydt
"	乐从禧骐工业园	",pac_ydt
"	平胜生龙村	",pac_ydt
"	高明富兴食街	",pac_ydt
"	豪俊材料城	",pac_ydt
"	龙江人民路车场	",pac_ydt
"	聚龙村	",pac_ydt
"	同庆路车场	",pac_ydt
"	A31聚龙北村口车场	",pac_ydt
"	高洁商务中心	",pac_ydt
"	中山市南区祈安苑外围停车场	",pac_ydt
"	盐步桥底停车场	",pac_ydt
"	香榭花城商业广场	",pac_ydt
"	盈品充电站	",pac_ydt
"	阳光嘉苑外围	",pac_ydt
"	金贸首站	",pac_ydt
"	九江花卉盆景园	",pac_ydt
"	大良东城广场	",pac_ydt
"	富丽华商业楼停车场	",pac_ydt
"	中山市南区情景路加油站侧地块停车场	",pac_ydt
"	黄岐桥底	",pac_ydt
"	半坑工业区	",pac_ydt
"	世博广场充电站	",pac_ydt
"	平洲7天酒店	",pac_ydt
"	百花时代露天停车场	",pac_ydt
"	广体人恒温游泳馆	",pac_ydt
"	阳光嘉苑负二地库	",pac_ydt
"	阳光嘉苑负一地库	",pac_ydt
"	黄岐三乡停车场	",pac_ydt
"	恒福星汇国际公馆	",pac_ydt
"	耀胜潮车馆停车场	",0
"	塘新中路月明轩侧停车场	",pac_ydt
"	平洲博雅学校	",pac_ydt
"	御景名门东侧西路停车场	",pac_ydt
"	盐步中心小学对面	",pac_ydt
"	丹灶海安路1号车场	",pac_ydt
"	丹灶海安路2号车场	",pac_ydt
"	阳光江城区美银湾度假公寓	",pac_ydt
"	金沙洲白沙车充电站	",pac_ydt
"	大良红岗车场	",pac_ydt
"	罗村华仔美食店	",pac_ydt
"	华夏芯谷园	",pac_ydt
"	和华180购物公园	",pac_ydt
"	罗村尚达停车场	",pac_ydt
"	三水西南营头市场	",pac_ydt
"	洲村充电站	",pac_ydt
"	骏隆大厦停车场	",pac_ydt
"	方基涌大街停车场	",pac_ydt
"	盐步小方北	",pac_ydt
"	启源广场	",pac_ydt
"	冬宝海鲜酒家（云来轩）店	",pac_ydt
"	乐从金威名苑露天车场	",pac_ydt
"	七天酒店（卫国路店）	",pac_ydt
"	三水三江商业广场	",pac_ydt
"	顺成顺融城停车场	",0
"	富丽大酒店	",pac_ydkj
"	鸿业城市花园露天车场6号岗	",pac_ydkj
"	星河名居临街停车场	",pac_ydkj
"	江南名居临街停车场	",pac_ydkj
"	南方医科大学顺德医院	",pac_ydkj
"	简平路（怡海路--佛平路）（东小片区）（8）	",pac_ydkj
"	庆平路(简平路--平海路)（东小片区）	",pac_ydkj
"	I简平路1	",pac_ydkj
"	大良嘉仑台云车场	",pac_ydkj
"	西樵山南门区域停车场	",pac_ydkj
"	普君新城社区二	",pac_ydkj
"	美思汇广场	",pac_ydkj
"	1506创意城A区停车场	",pac_ydkj
"	海汇广场	",pac_ydkj
"	南海万科写字楼车场	",pac_ydkj
"	新中源地下停车场	",pac_ydkj
"	均安大丛园林	",pac_ydkj
"	E桂城税南S	",pac_ydkj
"	宏岗商业楼	",pac_ydkj
"	顺德东城酒楼	",pac_ydkj
"	丽枫酒店	",pac_ydkj
"	汇翠停车场	",pac_ydkj
"	佛山南海怡海港新能源充电桩车场	",pac_ydkj
"	西樵假日特区	",pac_ydkj
"	海四路4H	",pac_ydkj
"	南海九江依云公馆二期车场	",pac_ydkj
"	瀚天科技城B2停车场	",pac_ydkj
"	南庄维也纳智好酒店	",pac_ydkj
"	旺东假日酒店	",pac_ydkj
"	K21创意产业园停车场	",pac_ydkj
"	佛山顺德乐从中欧电商城	",pac_ydkj
"	南海九江依云公馆一期车场	",pac_ydkj
"	嘉港市场	",pac_ydkj
"	朗丰工业园	",pac_ydkj
"	华泓商业城	",pac_ydkj
"	佛山泰陶卫浴停车场	",pac_ydkj
"	实验幼儿园北侧间隔路（东小片区）	",pac_ydkj
"	沙涌市场	",pac_ydkj
"	西樵镇崇南第十六队综合楼	",pac_ydkj
"	鹿Z村南侧间隔路（东小片区）（2）	",pac_ydkj
"	D海四路2H	",pac_ydkj
"	南海妇幼保健院西侧间隔路（东小片区）（3）	",pac_ydkj
"	百花广场地库停车场	",pac_ydkj
"	高明新亨村	",pac_ydkj
"	佛山新城图书馆	",pac_ydkj
"	B灯湖东2S	",pac_ydkj
"	佛山四季小筑精品酒店	",pac_ydkj
"	中汇大厦	",pac_ydkj
"	塘头村	",pac_ydkj
"	汇翠珠宝广场A座停车场	",pac_ydkj
"	百盛达君玉酒店	",pac_ydkj
"	怡翠尊堤陶园	",pac_ydkj
"	夏平西路2H	",pac_ydkj
"	I简平路3	",pac_ydkj
"	鸿业现代城负2停车场	",pac_ydkj
"	西约村	",pac_ydkj
"	坑田工业区	",pac_ydkj
"	鸿业城市花园露天停车场	",pac_ydkj
"	艾摩尔酒店	",pac_ydkj
"	狮山南园美食城	",pac_ydkj
"	四会水仙Go泊停车场	",pac_ydkj
"	南方衡器厂	",pac_ydkj
"	佛山南庄雄发美食车场	",pac_ydkj
"	E锦园路1T	",pac_ydkj
"	佛山健翔医院	",pac_ydkj
"	龙江龙成国际	",pac_ydkj
"	农行顺德分行路面停车场	",pac_ydkj
"	怡翠尊堤荟园	",pac_ydkj
"	E南六路4L	",pac_ydkj
"	文华公园P4停车场	",pac_ydkj
"	东成立亿	",pac_ydkj
"	东方锦华里停车场	",pac_ydkj
"	东建世纪西广场地库停车场	",pac_ydkj
"	洞庭商业广场	",pac_ydkj
"	华亚国际金融大厦	",pac_ydkj
"	佛山新媒体产业园	",pac_ydkj
"	怡翠尊堤荟园5座	",pac_ydkj
"	佛山王府井紫薇港-MPGS	",pac_ydkj
"	西南车场	",pac_ydkj
"	东江国际酒店	",0
"	金桂园停车场	",pac_ydkj
"	南海环宇城货车通道	",pac_ydkj
"	H天佑六1S	",pac_ydkj
"	i宝西路38号园区停车场	",pac_ydkj
"	ACE国际运动中心MALL	",pac_ydkj
"	里水新天地广场	",pac_ydkj
"	西樵大益茶	",pac_ydkj
"	I实高华翠3H	",pac_ydkj
"	里水白塔村	",pac_yxkj
"	听音广场负一、负二层停车场	",pac_ydkj
"	汇银奥林匹克花园	",pac_ydkj
"	江南名居正门商业街停车场	",pac_ydkj
"	金融车场	",pac_ydkj
"	藏美综合楼	",pac_ydkj
"	佛山地质大院	",pac_ydkj
"	东建大厦北侧停车场	",pac_ydkj
"	金卡顿酒店	",pac_ydkj
"	华润家用电器厂	",pac_ydkj
"	劳动车场	",pac_ydkj
"	高亿创新产业园	",pac_ydkj
"	世博金融中心东广场	",pac_ydkj
"	紫南文化艺术中心	",pac_ydkj
"	国鑫停车场	",pac_ydkj
"	佛山高新区科技产业园	",pac_ydkj
"	致盈广场	",pac_ydkj
"	嘉怡花园	",pac_ydkj
"	大德综合城	",pac_ydkj
"	志元五金厂	",pac_ydkj
"	佛山道济坊	",pac_ydkj
"	和华希尔顿酒店	",pac_ydkj
"	广佛伟创汇	",pac_ydkj
"	G桂花市场H	",pac_ydkj
"	东建同济广场	",pac_ydkj
"	D海辉路1T	",pac_ydkj
"	潭清里停车场	",pac_ydkj
"	东约村	",pac_ydkj
"	鹭洲集市	",pac_ydkj
"	四会贵华路Go泊停车场	",pac_ydkj
"	美豪酒店Go泊停车场	",pac_ydkj
"	南六路5L	",pac_ydkj
"	绿茵商业中心	",pac_ydkj
"	北约充电站	",pac_ydkj
"	鄱阳城	",pac_ydkj
"	佰创停车西北村北头片停车场	",pac_ydkj
"	招商银行京华广场支行	",pac_ydkj
"	丽港Go泊停车场	",pac_ydkj
"	碧桂园华亚广场	",pac_ydkj
"	I平海路2	",pac_ydkj
"	怡翠尊堤熙园	",pac_ydkj
"	佳高酒店	",pac_ydkj
"	索顿酒店	",pac_ydkj
"	石湾卫浴城停车场	",pac_ydkj
"	河滨停车场	",pac_ydkj
"	顺德碧云轩	",pac_ydkj
"	456蚕种场文化创意园	",pac_ydkj
"	新DNA购物中心	",pac_ydkj
"	清华园	",pac_ydkj
"	佛山生命科学园	",pac_ydkj
"	叙福楼海鲜酒家（南庄店）	",pac_ydkj
"	穆南村停车场	",pac_ydkj
"	佛山模具城	",pac_ydkj
"	怡翠尊堤熙园11座	",pac_ydkj
"	创杰大厦	",pac_ydkj
"	维也纳国际酒店(大沥中心店)	",pac_ydkj
"	弼唐村停车场	",pac_ydkj
"	佛山新城文化中心停车场	",pac_ydkj
"	华南生命科学园	",pac_ydkj
"	季华花园5期	",pac_ydkj
"	红运里广场	",pac_ydkj
"	西华里饮食城	",pac_ydkj
"	御堡国际商务中心露天停车场	",pac_ydkj
"	I妇幼西1	",0
"	杏坛高赞市场	",pac_ydkj
"	宝盈国际广场	",pac_ydkj
"	潮州美食城	",pac_ydkj
"	天佑五路2T	",pac_ydkj
"	盐步联安停车场	",pac_ydkj
"	E灯湖东3S	",pac_ydkj
"	H天佑七1H	",pac_ydkj
"	禾仰广场	",pac_ydkj
"	北约室外	",pac_ydkj
"	环球国际停车场	",pac_ydkj
"	西体Go泊停车场	",pac_ydkj
"	B消防大队S	",0
"	龙舟广场	",pac_ydkj
"	江义市场停车场	",pac_ydkj
"	普君新城社区一	",pac_ydkj
"	海辉路2H	",pac_ydkj
"	海湾城市嘉园	",pac_ydkj
"	大正小成地下停车场	",pac_ydkj
"	大沥宠物市场停车场	",pac_ydkj
"	顺德碧桂园桂澜山左广场	",pac_ydkj
"	中环Go泊停车场	",pac_ydkj
"	天隆城广场	",pac_ydkj
"	岭南明珠体育馆	",pac_ydkj
"	百盛达商务酒店	",pac_ydkj
"	意美家停车场	",pac_ydkj
"	G天佑三3T	",pac_ydkj
"	江南名居锦苑停车场	",pac_ydkj
"	怡翠玫瑰园商业地下停车场	",pac_ydkj
"	南庄利民市场	",pac_ydkj
"	金科大厦	",pac_ydkj
"	新光大厦停车场	",pac_ydkj
"	永安医院	",pac_ydkj
"	龙江青联大厦	",pac_ydkj
"	晨曦Go泊停车场	",pac_ydkj
"	绿岛东岸广场	",pac_ydkj
"	宏宇景裕嘉园停车场	",pac_ydkj
"	天御盈品	",pac_ydkj
"	李潘市场	",pac_ydkj
"	西北车场	",pac_ydkj
"	星海岸北广场	",pac_ydkj
"	B南六路1L	",pac_ydkj
"	瀚蓝广场	",pac_ydkj
"	华奥教育城	",pac_ydkj
"	广佛电商城	",pac_ydkj
"	狮山旧誉洞村	",pac_ydkj
"	下观村	",pac_ydkj
"	E夏平西1H	",pac_ydkj
"	大沥金茂大酒店	",pac_ydkj
"	河宕下北村停车场	",pac_ydkj
"	三水高新创业中心	",pac_ydkj
"	I东平辅道	",pac_ydkj
"	银星Go泊停车场	",pac_ydkj
"	宝华停车场	",pac_ydkj
"	佛山瑞山大厦	",pac_ydkj
"	新蛏缜文化广场	",pac_ydkj
"	B灯湖西1S	",pac_ydkj
"	顺德投资大厦	",pac_ydkj
"	新澳ITI国际停车场	",pac_ydkj
"	西关九里	",pac_ydkj
"	沙岗东风村	",pac_ydkj
"	文华公园P2	",pac_ydkj
"	H花苑小学S	",pac_ydkj
"	汇万家购物广场	",pac_ydkj
"	普君新城华府社区7	",pac_ydkj
"	星晖园三期	",pac_ydkj
"	鸿业畔湖居	",pac_ydkj
"	庆怡路（简平路--佛山一环)（东小片区）（2）	",pac_ydkj
"	禅城区镇安村路口西侧停车场	",pac_ydkj
"	I妇幼西2	",pac_ydkj
"	D南三路1T	",pac_ydkj
"	A海六路1H	",pac_ydkj
"	F良平北H	",pac_ydkj
"	顺德伦常人家停车场	",pac_ydkj
"	创显科技园区停车场	",pac_ydkj
"	金海文化创意中心北广场	",pac_ydkj
"	黄岐二联村	",pac_ydkj
"	富甲楼停车场	",pac_ydkj
"	鹿Z村	",pac_ydkj
"	沥西仁厚村	",pac_ydkj
"	南海万科广场停车场	",pac_ydkj
"	富景物流园	",pac_ydkj
"	顺德龙江镇龙山大道临时停车场	",pac_ydkj
"	智慧新城停车场	",pac_ydkj
"	奥米茄花园	",pac_ydkj
"	佛山市演艺中心停车场	",pac_ydkj
"	九江碧桂园君临壹品	",pac_ydkj
"	海二路2L	",pac_ydkj
"	大良顺联丝织厂	",pac_ydkj
"	紫南商贸城	",pac_ydkj
"	白沙市场	",pac_ydkj
"	海四路6H	",pac_ydkj
"	梅圳村委会	",pac_ydkj
"	普君新城华府社区6-2停车场	",pac_ydkj
"	艾科展厅VEMS	",pac_ydkj
"	佛山市南海区上海村	",pac_ydkj
"	依云上城	",pac_ydkj
"	中海独立车场	",pac_ydkj
"	灯湖东路4S	",pac_ydkj
"	河西村车场（河南永星）	",pac_ydkj
"	东建大厦停车场	",pac_ydkj
"	宏科楼	",pac_ydkj
"	江南名居熙苑停车场	",pac_ydkj
"	骏涛商务酒店公寓停车场	",pac_ydkj
"	汇江高尔夫车场	",pac_ydkj
"	紫滨停车场	",pac_ydkj
"	里水第一城商业广场	",pac_ydkj
"	北极熊广场-鲸愉鲜生停车场	",pac_ydkj
"	卓宝盈物业停车场	",pac_ydkj
"	厂排GO泊停车场	",pac_ydkj
"	平海路（怡海路--东平路）（东小片区）（4）	",pac_ydkj
"	I鹿Z南	",pac_ydkj
"	凰樵假日小区	",pac_ydkj
"	华亚国际金融中心	",pac_ydkj
"	伟然厂区（新周达汽车维修部）	",pac_ydkj
"	I华翠南2S	",pac_ydkj
"	南六路3H	",pac_ydkj
"	肇庆天玺御Z停车场	",pac_ydkj
"	顺联公园里	",pac_ydkj
"	杏坛马齐关东市场	",pac_ydkj
"	1号起点Go泊停车场	",pac_ydkj
"	高明信盛广场	",pac_ydkj
"	容桂东贸物业停车场	",pac_ydkj
"	东方广场明珠城停车场	",pac_ydkj
"	东方新天地停车场	",pac_ydkj
"	智城天街停车场	",pac_ydkj
"	陆陆陆酒店停车场	",0
"	南海经济开发区人民医院（松岗院区）	",pac_ydkj
"	E灯湖东4S	",pac_ydkj
"	白坭村公寓	",pac_ydkj
"	南海体育馆	",pac_ydkj
"	民园S	",pac_ydkj
"	仙塘新市场	",pac_ydkj
"	月亮湾外围停车场	",pac_ydkj
"	E海四路4H	",pac_ydkj
"	育才路S	",pac_ydkj
"	新桂商业广场	",pac_ydkj
"	毅轩物业停车场	",pac_ydkj
"	世博金融中心	",pac_ydkj
"	华南医博城二期	",pac_ydkj
"	ICC国际商业中心	",pac_ydkj
"	莱福工业区停车场	",pac_ydkj
"	汕头市中心医院	",pac_ydkj
"	奕皓商业楼	",pac_ydkj
"	E灯湖西3S	",pac_ydkj
"	佛山龙江东涌社区临时停车场	",pac_ydkj
"	佛山金域国际花园	",pac_ydkj
"	仟悦荟停车场	",pac_ydkj
"	华福国际公馆外围停车场	",pac_ydkj
"	H天佑六2H	",pac_ydkj
"	龙江嘉洋广场停车场	",pac_ydkj
"	新动力新建临时停车场	",pac_ydkj
"	信裕大厦停车场	",pac_ydkj
"	东平新城7号场	",pac_ydkj
"	古大路2号停车场	",pac_ydkj
"	悦品公馆	",pac_ydkj
"	南海区第四人民医院P2停车场	",pac_ydkj
"	中华美食城	",pac_ydkj
"	磐石大厦	",pac_ydkj
"	同华东小区	",pac_ydkj
"	庆怡路（简平路--佛山一环)（东小片区）（1）	",pac_ydkj
"	沥北市场	",pac_ydkj
"	创意城B区停车场	",pac_ydkj
"	宏宇景裕嘉园二期停车场	",pac_ydkj
"	罗南生态园	",pac_ydkj
"	馨盛创意园	",pac_ydkj
"	九江梅东一村	",pac_ydkj
"	佛山市南海区西樵镇海舟开发区	",pac_ydkj
"	怡翠尊堤观园	",pac_ydkj
"	景山岗市场停车场	",pac_ydkj
"	周日电商广场	",pac_ydkj
"	车创置业广场二期	",pac_ydkj
"	东方广场水晶城停车场	",pac_ydkj
"	夏北市场	",pac_ydkj
"	味派菜园子	",pac_ydkj
"	陈村顺联广场	",pac_ydkj
"	佛山市第二人民医院	",pac_ydkj
"	广州东旺食品综合批发市场	",pac_ydkj
"	佛山信保广场	",pac_ydkj
"	宏源精艺停车场	",pac_ydkj
"	飞鹿风扇	",pac_ydkj
"	狮山小塘医院	",pac_ydkj
"	佛山王府井紫薇港	",pac_ydkj
"	顺联国际购物中心露天停车场	",pac_ydkj
"	外贸大厦	",pac_ydkj
"	世纪莲体育馆	",pac_ydkj
"	I城市花园L	",pac_ydkj
"	美新停车场	",pac_ydkj
"	东方广场德胜楼停车场	",pac_ydkj
"	名汇大厦	",pac_ydkj
"	永丰大厦	",pac_ydkj
"	G天佑三1L	",pac_ydkj
"	H南新一H	",pac_ydkj
"	顺联国际购物中心地下停车场	",pac_ydkj
"	佰创停车仙塘村停车场	",pac_ydkj
"	H南新一路S	",pac_ydkj
"	零壹科技园	",pac_ydkj
"	利保商贸中心	",pac_ydkj
"	嘉荟广场	",pac_ydkj
"	容桂民安停车场	",pac_ydkj
"	玛奥汇展中心	",pac_ydkj
"	刘洞村停车场	",pac_ydkj
"	大正小成南面露天停车场	",pac_ydkj
"	雷岗车场	",pac_ydkj
"	东方广场蓝钻城停车场	",pac_ydkj
"	文华公园P1停车场	",pac_ydkj
"	柴油机1959	",pac_ydkj
"	佛山金色悦享大厦地下停车场	",pac_ydkj
"	海盛东方国际建材城	",pac_ydkj
"	佛山岭南医院	",pac_ydkj
"	南浦新村停车场	",pac_ydkj
"	锦绣香江大酒店丹灶店	",pac_ydkj
"	三水人民医院停车场	",pac_ydkj
"	御匾生活超市	",pac_ydkj
"	南侧沙地Go泊停车场	",pac_ydkj
"	锦园路3H	",pac_ydkj
"	叠北新约村	",pac_ydkj
"	东方广场怡馨阁停车场	",pac_ydkj
"	1506创意城D区停车场	",pac_ydkj
"	新凯广场停车场	",pac_ydkj
"	兆阳大厦地面车场	",pac_ydkj
"	翠宝园南区露天停车场	",pac_ydkj
"	宝成汇停车场	",pac_ydkj
"	天御盈品商铺	",pac_ydkj
"	原创力量大厦（富丰喜悦大厦）	",pac_ydkj
"	南一村	",pac_ydkj
"	海八路得来速	",pac_ydkj
"	粤食粤滋味	",pac_ydkj
"	东平新城5号场	",pac_ydkj
"	东鄱市场	",pac_ydkj
"	佛山市南海盈兴粉末蛄铣	",pac_ydkj
"	乐从新天地新世纪门口停车场	",pac_ydkj
"	佛山科学技术学院江湾校区停车场	",pac_ydkj
"	金海文化创意中心地下停车场	",pac_ydkj
"	桃花园地上停车场	",pac_ydkj
"	宏汇城停车场	",pac_ydkj
"	汇龙商业城停车场	",pac_ydkj
"	家园宾馆	",pac_ydkj
"	二期车场	",pac_ydkj
"	星海岸南广场	",pac_ydkj
"	E灯湖西4S	",pac_ydkj
"	机安广场	",pac_ydkj
"	星湖湾Go泊停车场	",pac_ydkj
"	富丰东车场	",pac_ydkj
"	新基孵化园	",pac_ydkj
"	力迅上筑停车场	",pac_ydkj
"	华翠南路（怡海路--佛平路）（东小片区）（4）	",pac_ydkj
"	联兴旺车场	",pac_ydkj
"	龙江朗廷酒店	",pac_ydkj
"	财信大湾南产业园	",pac_ydkj
"	华宝世家雅苑	",pac_ydkj
"	顺德龙江百胜科创中心	",pac_ydkj
"	威尔斯商业广场地下停车场	",pac_ydkj
"	嘉信城市广场云车场	",pac_ydkj
"	下朗村工业园	",pac_ydkj
"	端州农业农村局停车场	",pac_ydkj
"	佛山西樵飞鸿馆	",pac_ydkj
"	岭南雅居	",pac_ydkj
"	南六路1H	",pac_ydkj
"	佛山锦绣花园停车场	",pac_ydkj
"	旺盛佰围商业中心	",pac_ydkj
"	佛山西樵环运大楼机械车库	",pac_ydkj
"	东门广场Go泊停车场	",pac_ydkj
"	佛山发展大厦	",pac_ydkj
"	里水宇能国际	",pac_ydkj
"	里水保利紫山会所	",pac_ydkj
"	E海四路3H	",pac_ydkj
"	东平新城4号场	",pac_ydkj
"	南海环宇城	",pac_ydkj
"	易联金融广场	",pac_ydkj
"	滨海御庭	",pac_ydkj
"	南新四路1L	",pac_ydkj
"	保润车城	",pac_ydkj
"	绿地璀璨家园	",pac_ydkj
"	东建世纪广场东广场	",pac_ydkj
"	珠海市人民医院	",pac_ydkj
"	通宝写字楼A	",pac_ydkj
"	G天佑三2T	",pac_ydkj
"	益田假日天地停车场	",pac_ydkj
"	星海岸地下车库	",pac_ydkj
"	丽日玫瑰名城商业街	",pac_ydkj
"	乐怡海创U22创谷	",pac_ydkj
"	黄岐六联村	",pac_ydkj
"	永利达广场	",pac_ydkj
"	灯湖东路6S	",pac_ydkj
"	耀洋公寓停车场	",pac_ydkj
"	海六路2H	",pac_ydkj
"	狮山体育馆	",pac_ydkj
"	瀚天科技城B1区	",pac_ydkj
"	方舟一号	",pac_ydkj
"	九鼎国际城停车场	",pac_ydkj
"	普君新城华府社区6-1停车场	",pac_ydkj
"	大沥柏尔丽思酒店	",pac_ydkj
"	健身公园停车场	",pac_ydkj
"	牌坊Go泊停车场	",pac_ydkj
"	同济新村	",pac_ydkj
"	袁屋边村	",pac_ydkj
"	国顺酒店	",pac_ydkj
"	嘉洲市场	",pac_ydkj
"	泊捷停车楼	",pac_ydkj
"	城西工业园	",pac_ydkj
"	I城市花园西门	",pac_ydkj
"	禄步农商行VIP停车场	",pac_ydkj
"	D海二路1H	",pac_ydkj
"	B灯湖东1S	",pac_ydkj
"	东鄱村委会	",pac_ydkj
"	麦当劳得来速广佛店停车场	",pac_ydkj
"	和华商贸广场	",pac_ydkj
"	陈村碧桂园碧桂花城停车场	",pac_ydkj
"	顺德龙江联星国际城	",pac_ydkj
"	陌上花开酒店	",pac_ydkj
"	新景雄停车场	",pac_ydkj
"	果栏路停车场	",pac_ydkj
"	华艺（国际）装饰博览城	",pac_ydkj
"	桃花园商业停车楼绿景露天停车场	",pac_ydkj
"	海四路2S	",pac_ydkj
"	趣悦海鲜酒楼地面停车场	",pac_ydkj
"	亚洲国际材料城奥斯汀酒店云车场	",pac_ydkj
"	星星大厦	",pac_ydkj
"	东建尚领国际	",pac_ydkj
"	王府井紫薇港	",pac_ydkj
"	I简平路4L	",pac_ydkj
"	勒流麦当劳	",pac_ydkj
"	佛山南海九江下西南约文化楼	",pac_ydkj
"	佛山市创智金丰管业有限公司	",pac_ydkj
"	佛山顺德铂尔曼酒店	",pac_ydkj
"	好易停二手车交易市场	",pac_ydkj
"	佛山市佛山印象城	",pac_ydkj
"	洛浦市场	",pac_ydkj
"	大正小成东北面露天停车场	",pac_ydkj
"	惠景市场	",pac_ydkj
"	石湾宾馆	",pac_ydkj
"	德宝花苑	",pac_ydkj
"	H天佑四1T	",pac_ydkj
"	桃园名苑	",pac_ydkj
"	东二九区停车场	",pac_ydkj
"	桂城路边停车二期	",pac_ydkj
"	勒流电子商贸创业中心	",pac_ydkj
"	F南平西L	",pac_ydkj
"	东湖教育城	",pac_ydkj
"	丹灶汇尚华庭	",pac_ydkj
"	银河广场	",pac_ydkj
"	下朗村	",pac_ydkj
"	佛山市第一人民医院	",pac_ydkj
"	嘉誉国际地下停车场	",pac_ydkj
"	东平新城8号场	",pac_ydkj
"	叠南市场	",pac_ydkj
"	中盛国际	",pac_ydkj
"	御堡国际商务中心	",pac_ydkj
"	兴鼎印象风情街	",pac_ydkj
"	弼北农贸市场	",pac_ydkj
"	荟景豪庭停车场	",pac_ydkj
"	东南车场	",pac_ydkj
"	丹灶镇西城村	",pac_ydkj
"	古灶工业园外围	",pac_ydkj
"	南海新天地地下停车场	",pac_ydkj
"	佛山星晖园一二期	",pac_ydkj
"	上元村停车场	",pac_ydkj
"	顺德龙江沃达百货	",pac_ydkj
"	明浦居	",pac_ydkj
"	西江路Go泊停车场	",pac_ydkj
"	中科万钧国际电子信息港停车场	",pac_ydkj
"	金苑轩停车场	",pac_ydkj
"	大良建联楼停车场	",pac_ydkj
"	升平百货停车场	",pac_ydkj
"	南六路4H	",pac_ydkj
"	财富Go泊停车场	",pac_ydkj
"	高明雅域瑞日天下花园	",pac_ydkj
"	南新二路1S	",pac_ydkj
"	仁和商业楼B	",pac_ydkj
"	宏晟国际电影城停车场	",pac_ydkj
"	圣卡洛磁砖	",pac_ydkj
"	上海村商业街停车场	",pac_ydkj
"	新翼广场	",pac_ydkj
"	普君新城社区三	",pac_ydkj
"	I华翠南路3H	",pac_ydkj
"	E南五路1T	",pac_ydkj
"	H天佑南路1T	",pac_ydkj
"	H工业四S	",pac_ydkj
"	佛平路骏领雷克萨斯	",pac_ydkj
"	兴粤荣酒家	",pac_ydkj
"	华夏明珠大酒店	",pac_ydkj
"	星海岸售楼中心	",pac_ydkj
"	亚洲国际-中央馆	",pac_ydkj
"	清柯仓库	",0
"	H育才民园	",pac_ydkj
"	德鸿活力社区	",pac_ydkj
"	G南新五1T	",pac_ydkj
"	朗宝工业园二区	",pac_ydkj
"	新动力广场露天停车场	",pac_ydkj
"	福海广场	",pac_ydkj
"	南庄吉利市场	",pac_ydkj
"	佛山张槎白坭村	",pac_ydkj
"	南安检测站	",pac_ydkj
"	D海四路1H	",pac_ydkj
"	I实幼简2T	",pac_ydkj
"	实验幼儿园南侧（东小片区）	",pac_ydkj
"	张槎体育中心（新）	",pac_ydkj
"	佛山西樵环运大楼周边停车场	",pac_ydkj
"	博智林博润停车场	",pac_ydkj
"	益众珠宝商贸大厦停车场	",pac_ydkj
"	恒锦桃源新天地（招商中心）	",pac_ydkj
"	城市便捷酒店停车场	",pac_ydkj
"	东平新城3号场	",pac_ydkj
"	城市便捷Go泊停车场	",pac_ydkj
"	大良富丽华停车场	",pac_ydkj
"	中欧中心	",pac_ydkj
"	富盛广场	",pac_ydkj
"	绿岛映月湾花园	",pac_ydkj
"	顺德美居中心停车场	",pac_ydkj
"	三水妇幼保健院	",pac_ydkj
"	顺成企业总部	",pac_ydkj
"	您好?陶谷	",0
"	粤盈停车场	",pac_ydkj
"	南方广场停车场	",pac_ydkj
"	石湾河南村	",pac_ydkj
"	佛山河宕上北村	",pac_ydkj
"	H南新三H	",pac_ydkj
"	弼唐小学	",pac_ydkj
"	东平新城6号场	",pac_ydkj
"	灯湖西路3S	",pac_ydkj
"	三水金丰精密有限公司	",pac_ydkj
"	佛山陶瓷国际展览中心	",pac_ydkj
"	绍华大厦	",pac_ydkj
"	联华大厦东S	",pac_ydkj
"	佛山金磊大厦	",pac_ydkj
"	隔岗村	",pac_ydkj
"	环海生鲜市场	",pac_ydkj
"	黄岐白沙商业楼	",pac_ydkj
"	绿巢智谷	",pac_ydkj
"	杏坛天光墟商业广场	",pac_ydkj
"	阳光在线广场2	",pac_ydkj
"	佛山祖庙P6停车场	",pac_ydkj
"	城市花园西门间隔路（东小片区）（2）	",pac_ydkj
"	H天佑四2H	",pac_ydkj
"	仁和商业楼	",pac_ydkj
"	泓远物业管理有限公司	",pac_ydkj
"	御匾超市（堤田店）	",pac_ydkj
"	北纬23℃艺术园区	",pac_ydkj
"	F良平南H	",0
"	青柯美食城	",pac_ydkj
"	大冲海鲜城	",pac_ydkj
"	岭南大厦	",pac_ydkj
"	德鸿文创园	",pac_ydkj
"	恒福国际露天停车场	",pac_ydkj
"	兆阳广场地面停车场	",pac_ydkj
"	A翠鸣苑北	",pac_ydkj
"	南海区第七人民医院	",pac_ydkj
"	梅州花灯小镇	",pac_ydkj
"	江南名居锦苑南门露天商业街	",pac_ydkj
"	灯湖西路6S	",pac_ydkj
"	佛山南海湖广骏福休闲酒店	",pac_ydkj
"	岗头王村	",pac_ydkj
"	百年银汇酒店	",pac_ydkj
"	I简平路3L	",pac_ydkj
"	北约牌坊	",pac_ydkj
"	维也纳国际酒店(三水万达店)	",pac_ydkj
"	顺德猪肉婆	",pac_ydkj
"	铂顿城	",pac_ydkj
"	怡翠尊堤嘉园	",pac_ydkj
"	肇院停车场	",pac_ydkj
"	东平新城停车场	",pac_ydkj
"	海四路1H	",pac_ydkj
"	三洲市场	",0
"	鲤鱼门金都酒店	",pac_ydkj
"	南裕欣府	",pac_ydkj
"	乐龙创意城	",pac_ydkj
"	捷太家具	",pac_ydkj
"	长兴名车城	",pac_ydkj
"	叙福楼海鲜酒楼	",pac_ydkj
"	俊琴轩	",pac_ydkj
"	佛山市城发市场	",pac_ydkj
"	华盛大厦	",pac_ydkj
"	沙岗村停车场	",pac_ydkj
"	平海路（怡海路--东平路）（东小片区）（3）	",pac_ydkj
"	禅城中心医院P1地下停车场	",pac_ydkj
"	鸿翔湖景苑停车场	",pac_ydkj
"	6号码头GO泊停车场	",pac_ydkj
"	趣悦海鲜酒楼地库停车场	",pac_ydkj
"	佛山市粤荣大厦	",pac_ydkj
"	银钻广场地下停车场	",pac_ydkj
"	致越优城广场（西苑）	",pac_ydkj
"	佛山佳宁娜大酒店	",pac_ydkj
"	B南六路2H	",pac_ydkj
"	南海妇幼保健院	",pac_ydkj
"	百花广场东门路面停车场	",pac_ydkj
"	华宝世家雅苑地下停车场	",pac_ydkj
"	华翠南路（怡海路--佛平路）（东小片区）（5）	",pac_ydkj
"	大德市场	",pac_ydkj
"	I简平路4H	",pac_ydkj
"	新华景苑	",pac_ydkj
"	世外陶源商贸中心	",pac_ydkj
"	致越优城	",pac_ydkj
"	环湖花园	",pac_ydkj
"	财联大厦L	",pac_ydkj
"	海四路3H	",pac_ydkj
"	H南新四2T	",pac_ydkj
"	东平新城2号场	",pac_ydkj
"	品源香茶坊	",pac_ydkj
"	南三路2L	",pac_ydkj
"	平南社区	",pac_ydkj
"	滨海御庭B区	",pac_ydkj
"	佛山市禅城区新景园停车场	",pac_ydkj
"	创意产业园	",pac_ydkj
"	广东顺德特奥厨电器科技有限公司车场	",pac_ydkj
"	润丰花园	",pac_ydkj
"	华南汽车直播基地	",pac_ydkj
"	财联大厦	",pac_ydkj
"	佛山市海逸财富中心停车场	",pac_ydkj
"	南海区人民医院	",0
"	罗行商贸城	",pac_ydkj
"	佛山市穗建大厦	",pac_ydkj
"	体育车场	",pac_ydkj
"	汇源豪庭停车场	",pac_ydkj
"	E锦园路2S	",pac_ydkj
"	顺德碧桂园桂澜山右广场	",pac_ydkj
"	康德写字楼	",pac_ydkj
"	合创智慧谷	",0
"	粤桂黔食品生产园/佛山正宇产贸中心	",pac_ydkj
"	松岗盈美公寓	",pac_ydkj
"	影荫路21号	",pac_ydkj
"	金融公园地下停车场（停用）	",pac_ydkj
"	辛岗村	",pac_ydkj
"	波海Go泊停车场	",pac_ydkj
"	平洲品牌童服城	",pac_ydkj
"	瀚天科技城	",pac_ydkj
"	怡翠尊堤尚园	",pac_ydkj
"	西樵帝恩酒店	",pac_ydkj
"	东方广场怡乐阁停车场	",pac_ydkj
"	海逸城市花园	",pac_ydkj
"	卓远国际停车场	",pac_ydkj
"	佛山华南医博城	",pac_ydkj
"	富丰车场	",pac_ydkj
"	鸿业城市花园地下停车场	",pac_ydkj
"	广东万佳华创控股有限公司	",pac_ydkj
"	珠江半岛停车场	",pac_ydkj
"	保利紫山公馆	",pac_ydkj
"	星星大厦露天车场	",pac_ydkj
"	南浦新村（万骐）	",pac_ydkj
"	南新四路3T	",pac_ydkj
"	禅城中心医院P2文化广场停车场	",pac_ydkj
"	大沥众德诚宠物市场停车场	",pac_ydkj
"	佛山祖庙P4停车场	",pac_ydkj
"	南海新天地地面停车场	",pac_ydkj
"	蛑泄愠⊥３党	",pac_ydkj
"	玫瑰园停车场	",pac_ydkj
"	东方广场怡翠阁停车场	",pac_ydkj
"	怡翠尊堤晖园	",pac_ydkj
"	冠泰停车场	",pac_ydkj
"	居仁新村	",pac_ydkj
"	创意城C区停车场	",pac_ydkj
"	新动力广场地库停车场	",pac_ydkj
"	富丽阳光城停车场	",pac_ydkj
"	海逸广场Go泊停车场	",pac_ydkj
"	顺汽集团停车场B	",pac_ydkj
"	云谷广场项目D区物业停车场	",pac_ydkj
"	流行前线车场	",pac_ydkj
"	I华翠南1S	",0
"	海四路5L	",pac_ydkj
"	佛山李宁体操学校服务有限公司	",pac_ydkj
"	人民公园	",pac_ydkj
"	恒福国际地下停车场	",pac_ydkj
"	南约广场	",pac_ydkj
"	佛山桂华教师村	",pac_ydkj
"	盛景Go泊停车场	",pac_ydkj
"	创显科技宿舍停车场	",pac_ydkj
"	水头商务中心	",pac_ydkj
"	三水西货场	",pac_ydkj
"	九江沙头沙涌村	",pac_ydkj
"	广州肿瘤医院停车场	",pac_ydkj
"	庆安路(简平路--平海路)（东小片区）	",pac_ydkj
"	信弘科创大厦	",pac_ydkj
"	南海区人民医院院内	",0
"	泓健商务楼	",pac_ydkj
"	千灯湖艺术教育小镇	",pac_ydkj
"	西樵国艺影视城	",pac_ydkj
"	阳光城云谷广场C	",pac_ydkj
"	西江村	",pac_ydkj
"	威尔斯商业广场	",pac_ydkj
"	B灯湖西2H	",0
"	东北车场	",pac_ydkj
"	佛山城北液压汽配市场停车场	",pac_ydkj
"	上华村内停车场	",pac_ydkj
"	溢东广场	",pac_ydkj
"	沥南市场停车场	",pac_ydkj
"	上元商业楼停车场	",pac_ydkj
"	东平新城9号场	",pac_ydkj
"	金禧国际大酒店	",pac_ydt
"	150测试停车场	",
"	136测试停车场	",0
"	佛山大融城	",0
"	佛山市顺德区云昌路停车场	",0
"	佛山大良凤岭公园	",0
"	佛山美的新都荟02	",0
"	佛山美的新都荟	",0
"	佛山大良健康主题公园（2）	",0
"	佛山市顺德区绿地公共停车场	",0
"	佛山大良凤城停车场	",0
"	佛山顺峰山公园美的停车场	",0
"	佛山顺峰山公园P1停车场	",0
"	佛山顺峰山公园南门停车场	",0
"	佛山顺峰山公园西门停车场	",0
"	佛山顺峰山公园P2停车场	",0
"	亿龙停车场	",pac_ydt
"	石湾古镇文创园	",pac_ydkj
"	领悦天地停车场	",pac_ydkj
"	三水百合嘉园	",pac_ydkj
"	通宝写字楼	",pac_ydkj
"	I简平路7	",pac_ydkj
"	雅瑶东约村	",pac_ydkj
"	文华车城	",pac_ydkj
"	环球国际车城	",pac_ydkj
"	住建车场	",pac_ydkj
"	大沥黄岐中一大厦	",pac_ydkj
"	佛山东平保利广场	",pac_ydkj
"	泛家居电商创意园	",pac_ydkj
"	银基置业停车场	",pac_ydkj
"	日明园区	",pac_ydkj
"	H天佑五1S	",pac_ydkj
"	嘉信城市广场外广场云车场	",pac_ydkj
"	佛山粤星电子公司	",pac_ydkj
"	苹果公馆	",pac_ydkj
"	I平海路H	",pac_ydkj
"	南庄沃达百货停车场	",pac_ydkj
"	世博金融中心南广场	",pac_ydkj
"	怡景丽苑	",pac_ydkj
"	嘉誉国际停车场	",pac_ydkj
"	天晨商业大厦地库	",pac_ydkj
"	华艺石材城停车场	",pac_ydkj
"	兴贤工业区	",pac_ydkj
"	尚十创意城	",pac_ydkj
"	佛山体育馆	",pac_ydkj
"	君悦汇露天停车场	",pac_ydkj
"	（龙江）顺德奥园广场	",pac_ydkj
"	大榄东兴经济社	",pac_ydkj
"	上华西工业区停车场	",pac_ydkj
"	张槎人才公寓	",pac_ydkj
"	H五福H	",pac_ydkj
"	大良丽枫酒店	",pac_ydkj
"	黄岐大金地假日酒店	",pac_ydkj
"	清远市人民医院	",pac_ydkj
"	兆阳大厦地下车库	",pac_ydkj
"	罗村宣巷村	",pac_ydkj
"	佛山大良健康主题公园（1）	",0
"	佛山大良健康主题公园（3）	",0
